{
  "timestamp": "2025-10-17T23:20:48.636259",
  "task_name": "diabetes_hospital_b",
  "round": 7,
  "metrics": {
    "accuracy": 0.6923076923076923,
    "precision": 0.6,
    "recall": 0.3333333333333333,
    "f1_score": 0.42857142857142855,
    "sensitivity": 0.3333333333333333,
    "specificity": 0.8823529411764706,
    "ppv": 0.6,
    "npv": 0.7142857142857143,
    "mcc": 0.26035958758213296,
    "balanced_accuracy": 0.6078431372549019,
    "roc_auc": 0.7745098039215685,
    "pr_auc": 0.6077375972266847,
    "true_positives": 6,
    "true_negatives": 30,
    "false_positives": 4,
    "false_negatives": 12,
    "fpr": 0.11764705882352941,
    "fnr": 0.6666666666666666,
    "total_samples": 52,
    "positive_samples": 18,
    "negative_samples": 34,
    "hospital_id": "hospital_b",
    "round": 7,
    "loss": 1.312357783317566
  }
}