{
  "timestamp": "2025-10-17T23:20:45.519815",
  "task_name": "diabetes_hospital_b",
  "round": 2,
  "metrics": {
    "accuracy": 0.6538461538461539,
    "precision": 0.5,
    "recall": 0.4444444444444444,
    "f1_score": 0.47058823529411764,
    "sensitivity": 0.4444444444444444,
    "specificity": 0.7647058823529411,
    "ppv": 0.5,
    "npv": 0.7222222222222222,
    "mcc": 0.21558722225451818,
    "balanced_accuracy": 0.6045751633986928,
    "roc_auc": 0.7320261437908496,
    "pr_auc": 0.5608187706013794,
    "true_positives": 8,
    "true_negatives": 26,
    "false_positives": 8,
    "false_negatives": 10,
    "fpr": 0.23529411764705882,
    "fnr": 0.5555555555555556,
    "total_samples": 52,
    "positive_samples": 18,
    "negative_samples": 34,
    "hospital_id": "hospital_b",
    "round": 2,
    "loss": 1.6567740440368652
  }
}