{
  "timestamp": "2025-10-17T23:20:46.183081",
  "task_name": "diabetes_hospital_b",
  "round": 3,
  "metrics": {
    "accuracy": 0.7115384615384616,
    "precision": 0.6,
    "recall": 0.5,
    "f1_score": 0.5454545454545454,
    "sensitivity": 0.5,
    "specificity": 0.8235294117647058,
    "ppv": 0.6,
    "npv": 0.7567567567567568,
    "mcc": 0.33973710962536574,
    "balanced_accuracy": 0.6617647058823529,
    "roc_auc": 0.7581699346405228,
    "pr_auc": 0.5918449680818583,
    "true_positives": 9,
    "true_negatives": 28,
    "false_positives": 6,
    "false_negatives": 9,
    "fpr": 0.17647058823529413,
    "fnr": 0.5,
    "total_samples": 52,
    "positive_samples": 18,
    "negative_samples": 34,
    "hospital_id": "hospital_b",
    "round": 3,
    "loss": 1.5738805532455444
  }
}