{
  "timestamp": "2025-10-17T23:20:46.826511",
  "task_name": "diabetes_hospital_b",
  "round": 4,
  "metrics": {
    "accuracy": 0.7307692307692307,
    "precision": 0.6428571428571429,
    "recall": 0.5,
    "f1_score": 0.5625,
    "sensitivity": 0.5,
    "specificity": 0.8529411764705882,
    "ppv": 0.6428571428571429,
    "npv": 0.7631578947368421,
    "mcc": 0.37854910518078255,
    "balanced_accuracy": 0.6764705882352942,
    "roc_auc": 0.7696078431372549,
    "pr_auc": 0.6021039031799229,
    "true_positives": 9,
    "true_negatives": 29,
    "false_positives": 5,
    "false_negatives": 9,
    "fpr": 0.14705882352941177,
    "fnr": 0.5,
    "total_samples": 52,
    "positive_samples": 18,
    "negative_samples": 34,
    "hospital_id": "hospital_b",
    "round": 4,
    "loss": 1.4946634769439697
  }
}