{
  "timestamp": "2025-10-17T23:20:47.413970",
  "task_name": "diabetes_hospital_b",
  "round": 5,
  "metrics": {
    "accuracy": 0.75,
    "precision": 0.6666666666666666,
    "recall": 0.5555555555555556,
    "f1_score": 0.6060606060606061,
    "sensitivity": 0.5555555555555556,
    "specificity": 0.8529411764705882,
    "ppv": 0.6666666666666666,
    "npv": 0.7837837837837838,
    "mcc": 0.4289609970017244,
    "balanced_accuracy": 0.7042483660130718,
    "roc_auc": 0.7598039215686275,
    "pr_auc": 0.59353711595598,
    "true_positives": 10,
    "true_negatives": 29,
    "false_positives": 5,
    "false_negatives": 8,
    "fpr": 0.14705882352941177,
    "fnr": 0.4444444444444444,
    "total_samples": 52,
    "positive_samples": 18,
    "negative_samples": 34,
    "hospital_id": "hospital_b",
    "round": 5,
    "loss": 1.4327905178070068
  }
}