{
  "timestamp": "2025-10-17T23:20:49.891752",
  "task_name": "diabetes_hospital_a",
  "round": 9,
  "metrics": {
    "accuracy": 0.7307692307692307,
    "precision": 0.75,
    "recall": 0.45,
    "f1_score": 0.5625,
    "sensitivity": 0.45,
    "specificity": 0.90625,
    "ppv": 0.75,
    "npv": 0.725,
    "mcc": 0.41136206679760834,
    "balanced_accuracy": 0.678125,
    "roc_auc": 0.8421875,
    "pr_auc": 0.7734553805293345,
    "true_positives": 9,
    "true_negatives": 29,
    "false_positives": 3,
    "false_negatives": 11,
    "fpr": 0.09375,
    "fnr": 0.55,
    "total_samples": 52,
    "positive_samples": 20,
    "negative_samples": 32,
    "hospital_id": "hospital_a",
    "round": 9,
    "loss": 1.1362712383270264
  }
}