{
  "timestamp": "2025-10-17T23:20:49.249751",
  "task_name": "diabetes_hospital_a",
  "round": 8,
  "metrics": {
    "accuracy": 0.7115384615384616,
    "precision": 0.6923076923076923,
    "recall": 0.45,
    "f1_score": 0.5454545454545454,
    "sensitivity": 0.45,
    "specificity": 0.875,
    "ppv": 0.6923076923076923,
    "npv": 0.717948717948718,
    "mcc": 0.36514837167011077,
    "balanced_accuracy": 0.6625,
    "roc_auc": 0.8484375,
    "pr_auc": 0.7700834851887484,
    "true_positives": 9,
    "true_negatives": 28,
    "false_positives": 4,
    "false_negatives": 11,
    "fpr": 0.125,
    "fnr": 0.55,
    "total_samples": 52,
    "positive_samples": 20,
    "negative_samples": 32,
    "hospital_id": "hospital_a",
    "round": 8,
    "loss": 1.184362530708313
  }
}